{"cameraMode":{"drawMode":0,"name":"Shaded","section":"Shading Mode"},"sceneLighting":true,"audioPlay":false,"sceneViewState":{"showFog":true,"showMaterialUpdate":true,"showSkybox":true,"showFlares":true,"showImageEffects":true,"showParticleSystems":true},"in2DMode":false,"pivot":{"x":458.3947448730469,"y":570.4923706054688,"z":131.107666015625},"rotation":{"x":0.15562376379966737,"y":0.02518189512193203,"z":-0.003968436270952225,"w":0.9874898791313171},"size":1151.01904296875,"orthographic":false}